item1,item2,n
abuse,animal,43
animal,abuse,43
people,animal,40
animal,people,40
time,animal,36
animal,time,36
animal,dog,35
dog,animal,35
pakistan,animal,35
animal,pakistan,35
day,animal,32
people,abuse,32
animal,day,32
abuse,people,32
abuse,dog,29
people,dog,29
pet,animal,29
live,animal,29
medium,animal,29
right,animal,29
dog,abuse,29
animal,pet,29
dog,people,29
animal,live,29
animal,medium,29
animal,right,29
social,animal,28
human,animal,28
karachi,animal,28
people,time,28
animal,social,28
time,people,28
animal,human,28
animal,karachi,28
time,abuse,27
abuse,time,27
time,dog,26
welfare,animal,26
day,abuse,26
pakistan,abuse,26
dog,time,26
abuse,day,26
animal,welfare,26
abuse,pakistan,26
pakistan,dog,25
call,animal,25
government,animal,25
run,animal,25
kill,animal,25
pakistan,time,25
people,pet,25
animal,call,25
pet,people,25
animal,government,25
animal,run,25
animal,kill,25
dog,pakistan,25
time,pakistan,25
country,animal,24
treat,animal,24
animal,country,24
animal,treat,24
pet,dog,23
bring,animal,23
human,abuse,23
live,abuse,23
right,abuse,23
dog,pet,23
people,day,23
medium,social,23
day,people,23
human,people,23
live,people,23
run,people,23
pakistan,people,23
karachi,people,23
abuse,human,23
people,human,23
abuse,live,23
people,live,23
social,medium,23
people,run,23
abuse,right,23
animal,bring,23
people,pakistan,23
people,karachi,23
live,dog,22
law,animal,22
cruelty,animal,22
care,animal,22
activist,animal,22
stray,animal,22
pet,abuse,22
government,abuse,22
karachi,abuse,22
abuse,pet,22
animal,law,22
people,social,22
animal,cruelty,22
social,people,22
abuse,government,22
animal,care,22
dog,live,22
animal,activist,22
animal,stray,22
karachi,pakistan,22
abuse,karachi,22
pakistan,karachi,22
day,dog,21
stray,dog,21
kill,dog,21
animal,cat,21
cat,animal,21
start,animal,21
provide,animal,21
tell,animal,21
report,animal,21
welfare,abuse,21
kill,abuse,21
social,time,21
dog,day,21
time,social,21
abuse,welfare,21
government,people,21
medium,people,21
right,people,21
people,government,21
dog,stray,21
people,medium,21
animal,start,21
people,right,21
dog,kill,21
abuse,kill,21
pakistan,kill,21
kill,pakistan,21
animal,provide,21
animal,tell,21
animal,report,21
social,dog,20
human,dog,20
karachi,dog,20
society,animal,20
food,animal,20
rescue,animal,20
don,animal,20
child,animal,20
raise,animal,20
street,animal,20
country,abuse,20
social,abuse,20
day,time,20
live,time,20
medium,time,20
abuse,country,20
time,day,20
dog,social,20
abuse,social,20
animal,society,20
animal,food,20
start,people,20
dog,human,20
time,live,20
animal,rescue,20
animal,don,20
animal,child,20
time,medium,20
people,start,20
animal,raise,20
dog,karachi,20
animal,street,20
shelter,animal,19
share,animal,19
add,animal,19
issue,animal,19
world,animal,19
law,abuse,19
cruelty,abuse,19
medium,abuse,19
government,time,19
human,time,19
run,time,19
kill,time,19
right,country,19
welfare,pet,19
abuse,law,19
people,call,19
abuse,cruelty,19
pet,welfare,19
call,people,19
care,people,19
treat,people,19
animal,shelter,19
time,government,19
time,human,19
people,care,19
pakistan,live,19
animal,share,19
abuse,medium,19
animal,add,19
animal,issue,19
time,run,19
people,treat,19
country,right,19
time,kill,19
animal,world,19
live,pakistan,19
society,dog,18
welfare,dog,18
shelter,dog,18
medium,dog,18
animal,authority,18
authority,animal,18
post,animal,18
stray,abuse,18
child,abuse,18
start,abuse,18
pet,time,18
right,time,18
karachi,time,18
law,country,18
people,country,18
time,pet,18
day,pet,18
live,pet,18
country,law,18
pet,day,18
karachi,day,18
karachi,social,18
dog,society,18
people,society,18
dog,welfare,18
people,welfare,18
human,welfare,18
people,food,18
country,people,18
society,people,18
welfare,people,18
food,people,18
don,people,18
stray,people,18
child,people,18
kill,people,18
dog,shelter,18
welfare,human,18
right,human,18
pakistan,human,18
pet,live,18
people,don,18
abuse,stray,18
people,stray,18
abuse,child,18
people,child,18
animal,post,18
dog,medium,18
karachi,medium,18
abuse,start,18
time,right,18
human,right,18
pakistan,right,18
people,kill,18
human,pakistan,18
right,pakistan,18
time,karachi,18
day,karachi,18
social,karachi,18
medium,karachi,18
cruelty,dog,17
rescue,dog,17
street,dog,17
abuse,cat,17
people,cat,17
video,animal,17
incident,animal,17
cat,abuse,17
call,abuse,17
society,abuse,17
rescue,abuse,17
run,abuse,17
raise,abuse,17
street,abuse,17
call,time,17
welfare,time,17
treat,time,17
pakistan,country,17
stray,pet,17
pakistan,pet,17
animal,video,17
people,law,17
pakistan,law,17
social,day,17
welfare,day,17
live,day,17
run,day,17
treat,day,17
pakistan,day,17
abuse,call,17
time,call,17
medium,call,17
pakistan,call,17
day,social,17
human,social,17
pakistan,social,17
abuse,society,17
human,society,17
dog,cruelty,17
time,welfare,17
day,welfare,17
pakistan,welfare,17
cat,people,17
law,people,17
raise,people,17
street,people,17
right,government,17
pakistan,government,17
social,human,17
society,human,17
kill,human,17
day,live,17
karachi,live,17
dog,rescue,17
abuse,rescue,17
pet,stray,17
call,medium,17
pakistan,medium,17
abuse,run,17
day,run,17
time,treat,17
day,treat,17
animal,incident,17
abuse,raise,17
people,raise,17
government,right,17
human,kill,17
country,pakistan,17
pet,pakistan,17
law,pakistan,17
day,pakistan,17
call,pakistan,17
social,pakistan,17
welfare,pakistan,17
government,pakistan,17
medium,pakistan,17
live,karachi,17
dog,street,17
abuse,street,17
people,street,17
law,dog,16
government,dog,16
activist,dog,16
child,dog,16
run,dog,16
treat,dog,16
pet,cat,16
owner,animal,16
city,animal,16
donkey,animal,16
food,abuse,16
shelter,abuse,16
care,abuse,16
activist,abuse,16
world,abuse,16
provide,abuse,16
law,time,16
society,time,16
cruelty,time,16
don,time,16
stray,time,16
government,country,16
human,country,16
cat,pet,16
human,pet,16
start,pet,16
karachi,pet,16
dog,law,16
time,law,16
government,law,16
medium,day,16
social,call,16
human,call,16
call,social,16
live,social,16
time,society,16
time,cruelty,16
abuse,food,16
activist,people,16
issue,people,16
bring,people,16
world,people,16
abuse,shelter,16
dog,government,16
country,government,16
law,government,16
country,human,16
pet,human,16
call,human,16
live,human,16
abuse,care,16
social,live,16
human,live,16
animal,owner,16
dog,activist,16
abuse,activist,16
people,activist,16
pakistan,activist,16
time,don,16
time,stray,16
dog,child,16
day,medium,16
pet,start,16
people,issue,16
dog,run,16
dog,treat,16
animal,city,16
people,bring,16
abuse,world,16
people,world,16
activist,pakistan,16
street,pakistan,16
animal,donkey,16
abuse,provide,16
pet,karachi,16
pakistan,street,16
cat,dog,15
country,dog,15
call,dog,15
food,dog,15
start,dog,15
issue,dog,15
raise,dog,15
right,dog,15
donkey,dog,15
dog,cat,15
day,cat,15
people,authority,15
don,abuse,15
issue,abuse,15
bring,abuse,15
donkey,abuse,15
country,time,15
food,time,15
child,time,15
share,time,15
post,time,15
issue,time,15
bring,time,15
world,time,15
provide,time,15
street,time,15
dog,country,15
time,country,15
social,pet,15
don,pet,15
child,pet,15
run,pet,15
kill,pet,15
street,pet,15
call,law,15
cat,day,15
call,day,15
rescue,day,15
dog,call,15
law,call,15
day,call,15
live,call,15
bring,call,15
karachi,call,15
pet,social,15
care,social,15
don,social,15
people,cruelty,15
kill,cruelty,15
pakistan,cruelty,15
dog,food,15
time,food,15
authority,people,15
cruelty,people,15
shelter,people,15
rescue,people,15
add,people,15
city,people,15
provide,people,15
tell,people,15
people,shelter,15
stray,shelter,15
human,government,15
government,human,15
stray,human,15
karachi,human,15
social,care,15
medium,care,15
call,live,15
medium,live,15
run,live,15
right,activist,15
day,rescue,15
people,rescue,15
abuse,don,15
pet,don,15
social,don,15
run,don,15
shelter,stray,15
human,stray,15
pakistan,stray,15
time,child,15
pet,child,15
time,share,15
post,share,15
time,post,15
share,post,15
care,medium,15
live,medium,15
run,medium,15
people,add,15
dog,start,15
dog,issue,15
abuse,issue,15
time,issue,15
pet,run,15
live,run,15
don,run,15
medium,run,15
pakistan,run,15
karachi,run,15
karachi,treat,15
dog,raise,15
pakistan,raise,15
dog,right,15
activist,right,15
people,city,15
pet,kill,15
cruelty,kill,15
abuse,bring,15
time,bring,15
call,bring,15
pakistan,bring,15
time,world,15
cruelty,pakistan,15
stray,pakistan,15
run,pakistan,15
raise,pakistan,15
bring,pakistan,15
dog,donkey,15
abuse,donkey,15
time,provide,15
people,provide,15
karachi,provide,15
call,karachi,15
human,karachi,15
run,karachi,15
treat,karachi,15
provide,karachi,15
people,tell,15
time,street,15
pet,street,15
don,dog,14
tell,dog,14
time,cat,14
abuse,authority,14
love,animal,14
local,animal,14
authority,abuse,14
video,abuse,14
report,abuse,14
cat,time,14
care,time,14
rescue,time,14
donkey,time,14
call,country,14
cruelty,country,14
call,pet,14
care,pet,14
medium,pet,14
treat,pet,14
raise,pet,14
world,pet,14
animal,love,14
abuse,video,14
cruelty,law,14
human,law,14
right,law,14
kill,law,14
human,day,14
child,day,14
start,day,14
bring,day,14
street,day,14
country,call,14
pet,call,14
society,social,14
rescue,social,14
post,social,14
run,social,14
treat,social,14
kill,social,14
provide,social,14
social,society,14
country,cruelty,14
law,cruelty,14
government,cruelty,14
human,cruelty,14
stray,welfare,14
kill,welfare,14
karachi,food,14
share,people,14
report,people,14
rescue,shelter,14
cruelty,government,14
kill,government,14
karachi,government,14
law,human,14
day,human,14
cruelty,human,14
medium,human,14
street,human,14
time,care,14
pet,care,14
start,live,14
child,activist,14
time,rescue,14
social,rescue,14
shelter,rescue,14
stray,rescue,14
dog,don,14
child,don,14
karachi,don,14
welfare,stray,14
rescue,stray,14
kill,stray,14
street,stray,14
day,child,14
activist,child,14
don,child,14
right,child,14
pakistan,child,14
people,share,14
social,post,14
pet,medium,14
human,medium,14
start,medium,14
treat,medium,14
provide,medium,14
day,start,14
live,start,14
medium,start,14
run,start,14
pakistan,start,14
karachi,start,14
social,run,14
start,run,14
treat,run,14
pet,treat,14
social,treat,14
medium,treat,14
run,treat,14
animal,local,14
pet,raise,14
law,right,14
child,right,14
law,kill,14
social,kill,14
welfare,kill,14
government,kill,14
stray,kill,14
karachi,kill,14
day,bring,14
karachi,bring,14
pet,world,14
child,pakistan,14
start,pakistan,14
report,pakistan,14
time,donkey,14
social,provide,14
medium,provide,14
food,karachi,14
government,karachi,14
don,karachi,14
start,karachi,14
kill,karachi,14
bring,karachi,14
street,karachi,14
dog,tell,14
day,street,14
human,street,14
stray,street,14
karachi,street,14
abuse,report,14
people,report,14
pakistan,report,14
care,dog,13
city,dog,13
bring,dog,13
provide,dog,13
report,dog,13
live,cat,13
run,cat,13
karachi,cat,13
time,authority,13
zoo,animal,13
wildlife,animal,13
share,abuse,13
post,abuse,13
treat,abuse,13
authority,time,13
video,time,13
shelter,time,13
activist,time,13
start,time,13
raise,time,13
welfare,country,13
activist,country,13
kill,country,13
karachi,country,13
law,pet,13
government,pet,13
activist,pet,13
rescue,pet,13
right,pet,13
bring,pet,13
time,video,13
pet,law,13
activist,law,13
shelter,day,13
government,day,13
care,day,13
stray,day,13
share,day,13
provide,day,13
tell,day,13
report,day,13
run,call,13
provide,call,13
shelter,social,13
share,social,13
bring,social,13
world,social,13
welfare,society,13
live,society,13
stray,society,13
pakistan,society,13
right,cruelty,13
country,welfare,13
society,welfare,13
live,welfare,13
child,welfare,13
right,welfare,13
report,welfare,13
live,food,13
run,food,13
post,people,13
local,people,13
time,shelter,13
day,shelter,13
social,shelter,13
pakistan,shelter,13
pet,government,13
day,government,13
run,government,13
care,human,13
activist,human,13
world,human,13
dog,care,13
day,care,13
human,care,13
start,care,13
run,care,13
treat,care,13
cat,live,13
society,live,13
welfare,live,13
food,live,13
don,live,13
stray,live,13
child,live,13
street,live,13
time,activist,13
country,activist,13
pet,activist,13
law,activist,13
human,activist,13
stray,activist,13
pet,rescue,13
medium,rescue,13
pakistan,rescue,13
live,don,13
pakistan,don,13
day,stray,13
society,stray,13
live,stray,13
activist,stray,13
raise,stray,13
welfare,child,13
live,child,13
run,child,13
abuse,share,13
day,share,13
social,share,13
medium,share,13
abuse,post,13
people,post,13
rescue,medium,13
share,medium,13
incident,medium,13
right,medium,13
kill,medium,13
bring,medium,13
pakistan,add,13
time,start,13
care,start,13
cat,run,13
call,run,13
food,run,13
government,run,13
care,run,13
child,run,13
provide,run,13
abuse,treat,13
care,treat,13
medium,incident,13
people,local,13
time,raise,13
stray,raise,13
bring,raise,13
karachi,raise,13
street,raise,13
pet,right,13
cruelty,right,13
welfare,right,13
medium,right,13
kill,right,13
dog,city,13
country,kill,13
medium,kill,13
right,kill,13
dog,bring,13
pet,bring,13
social,bring,13
medium,bring,13
raise,bring,13
provide,bring,13
social,world,13
human,world,13
society,pakistan,13
shelter,pakistan,13
rescue,pakistan,13
don,pakistan,13
add,pakistan,13
dog,provide,13
day,provide,13
call,provide,13
run,provide,13
bring,provide,13
cat,karachi,13
country,karachi,13
raise,karachi,13
day,tell,13
live,street,13
raise,street,13
animal,zoo,13
animal,wildlife,13
dog,report,13
day,report,13
welfare,report,13
authority,dog,12
ayesha,dog,12
share,dog,12
post,dog,12
incident,dog,12
local,dog,12
world,dog,12
welfare,cat,12
food,cat,12
government,cat,12
dog,authority,12
karachi,authority,12
ayesha,animal,12
add,abuse,12
incident,abuse,12
tell,abuse,12
love,time,12
ayesha,time,12
add,time,12
tell,time,12
pet,country,12
social,country,12
society,country,12
country,pet,12
love,pet,12
shelter,pet,12
owner,pet,12
provide,pet,12
tell,pet,12
report,pet,12
time,love,12
pet,love,12
people,love,12
social,video,12
medium,video,12
social,law,12
live,law,12
stray,law,12
medium,law,12
raise,law,12
world,law,12
karachi,law,12
society,day,12
food,day,12
activist,day,12
post,day,12
add,day,12
issue,day,12
kill,day,12
donkey,day,12
society,call,12
shelter,call,12
start,call,12
kill,call,12
world,call,12
country,social,12
video,social,12
law,social,12
cruelty,social,12
welfare,social,12
activist,social,12
stray,social,12
child,social,12
start,social,12
issue,social,12
incident,social,12
right,social,12
country,society,12
day,society,12
call,society,12
shelter,society,12
right,society,12
karachi,society,12
tell,society,12
social,cruelty,12
medium,cruelty,12
cat,welfare,12
social,welfare,12
care,welfare,12
activist,welfare,12
rescue,welfare,12
treat,welfare,12
karachi,welfare,12
cat,food,12
day,food,12
government,food,12
pakistan,food,12
love,people,12
owner,people,12
donkey,people,12
pet,shelter,12
call,shelter,12
society,shelter,12
human,shelter,12
kill,shelter,12
cat,government,12
food,government,12
live,government,12
activist,government,12
stray,government,12
provide,government,12
street,government,12
shelter,human,12
child,human,12
run,human,12
treat,human,12
provide,human,12
tell,human,12
report,human,12
welfare,care,12
right,care,12
karachi,care,12
law,live,12
government,live,12
rescue,live,12
treat,live,12
right,live,12
kill,live,12
pet,owner,12
people,owner,12
day,activist,12
social,activist,12
welfare,activist,12
government,activist,12
medium,activist,12
kill,activist,12
dog,ayesha,12
animal,ayesha,12
time,ayesha,12
welfare,rescue,12
live,rescue,12
share,rescue,12
medium,don,12
world,don,12
provide,don,12
law,stray,12
social,stray,12
government,stray,12
child,stray,12
medium,stray,12
provide,stray,12
karachi,stray,12
tell,stray,12
social,child,12
human,child,12
stray,child,12
start,child,12
karachi,child,12
dog,share,12
rescue,share,12
dog,post,12
day,post,12
medium,post,12
video,medium,12
law,medium,12
cruelty,medium,12
activist,medium,12
don,medium,12
stray,medium,12
post,medium,12
issue,medium,12
raise,medium,12
world,medium,12
abuse,add,12
time,add,12
day,add,12
treat,add,12
call,start,12
social,start,12
child,start,12
day,issue,12
social,issue,12
medium,issue,12
run,issue,12
pakistan,issue,12
karachi,issue,12
human,run,12
issue,run,12
right,run,12
street,run,12
welfare,treat,12
human,treat,12
live,treat,12
add,treat,12
pakistan,treat,12
tell,treat,12
report,treat,12
dog,incident,12
abuse,incident,12
social,incident,12
dog,local,12
law,raise,12
medium,raise,12
kill,raise,12
social,right,12
society,right,12
care,right,12
live,right,12
run,right,12
world,right,12
karachi,city,12
day,kill,12
call,kill,12
shelter,kill,12
live,kill,12
activist,kill,12
raise,kill,12
bring,kill,12
world,kill,12
street,kill,12
report,kill,12
kill,bring,12
dog,world,12
law,world,12
call,world,12
don,world,12
medium,world,12
right,world,12
kill,world,12
pakistan,world,12
provide,world,12
food,pakistan,12
issue,pakistan,12
treat,pakistan,12
world,pakistan,12
donkey,pakistan,12
day,donkey,12
people,donkey,12
pakistan,donkey,12
pet,provide,12
government,provide,12
human,provide,12
don,provide,12
stray,provide,12
world,provide,12
authority,karachi,12
law,karachi,12
society,karachi,12
welfare,karachi,12
care,karachi,12
stray,karachi,12
child,karachi,12
issue,karachi,12
city,karachi,12
abuse,tell,12
time,tell,12
pet,tell,12
society,tell,12
human,tell,12
stray,tell,12
treat,tell,12
government,street,12
run,street,12
kill,street,12
pet,report,12
human,report,12
treat,report,12
kill,report,12
animal,eat,11
love,dog,11
video,dog,11
owner,cat,11
rescue,cat,11
stray,cat,11
treat,cat,11
pakistan,cat,11
provide,cat,11
tell,cat,11
medium,authority,11
pakistan,authority,11
eat,animal,11
owner,abuse,11
city,abuse,11
owner,time,11
live,country,11
medium,country,11
bring,country,11
society,pet,11
food,pet,11
city,pet,11
dog,love,11
welfare,love,11
human,love,11
dog,video,11
day,video,11
cruelty,video,11
people,video,11
pakistan,video,11
shelter,law,11
rescue,law,11
child,law,11
provide,law,11
street,law,11
video,day,11
cruelty,day,11
owner,day,11
don,day,11
raise,day,11
right,day,11
welfare,call,11
government,call,11
activist,call,11
stray,call,11
raise,call,11
right,call,11
street,call,11
food,social,11
government,social,11
ayesha,social,11
pet,society,11
care,society,11
activist,society,11
treat,society,11
provide,society,11
video,cruelty,11
day,cruelty,11
welfare,cruelty,11
live,cruelty,11
love,welfare,11
call,welfare,11
cruelty,welfare,11
government,welfare,11
add,welfare,11
start,welfare,11
run,welfare,11
tell,welfare,11
street,welfare,11
pet,food,11
social,food,11
shelter,food,11
don,food,11
treat,food,11
video,people,11
ayesha,people,11
law,shelter,11
food,shelter,11
live,shelter,11
activist,shelter,11
medium,shelter,11
run,shelter,11
karachi,shelter,11
call,government,11
social,government,11
welfare,government,11
child,government,11
treat,government,11
raise,government,11
bring,government,11
world,government,11
love,human,11
rescue,human,11
don,human,11
bring,human,11
society,care,11
live,care,11
owner,care,11
pakistan,care,11
country,live,11
cruelty,live,11
shelter,live,11
care,live,11
provide,live,11
tell,live,11
cat,owner,11
abuse,owner,11
time,owner,11
day,owner,11
care,owner,11
start,owner,11
run,owner,11
call,activist,11
society,activist,11
shelter,activist,11
rescue,activist,11
don,activist,11
run,activist,11
social,ayesha,11
people,ayesha,11
medium,ayesha,11
cat,rescue,11
law,rescue,11
human,rescue,11
activist,rescue,11
don,rescue,11
child,rescue,11
post,rescue,11
start,rescue,11
kill,rescue,11
karachi,rescue,11
tell,rescue,11
day,don,11
food,don,11
human,don,11
activist,don,11
rescue,don,11
stray,don,11
share,don,11
post,don,11
cat,stray,11
call,stray,11
don,stray,11
run,stray,11
world,stray,11
law,child,11
government,child,11
rescue,child,11
share,child,11
post,child,11
medium,child,11
world,child,11
provide,child,11
street,child,11
don,share,11
child,share,11
rescue,post,11
don,post,11
child,post,11
kill,post,11
pakistan,post,11
authority,medium,11
country,medium,11
shelter,medium,11
ayesha,medium,11
child,medium,11
street,medium,11
welfare,add,11
start,add,11
right,add,11
karachi,add,11
welfare,start,11
owner,start,11
rescue,start,11
add,start,11
street,start,11
welfare,run,11
shelter,run,11
owner,run,11
activist,run,11
stray,run,11
city,run,11
tell,run,11
cat,treat,11
society,treat,11
food,treat,11
government,treat,11
right,treat,11
pakistan,local,11
day,raise,11
call,raise,11
government,raise,11
world,raise,11
provide,raise,11
day,right,11
call,right,11
add,right,11
treat,right,11
provide,right,11
karachi,right,11
abuse,city,11
pet,city,11
run,city,11
pakistan,city,11
rescue,kill,11
post,kill,11
country,bring,11
government,bring,11
human,bring,11
government,world,11
stray,world,11
child,world,11
raise,world,11
karachi,world,11
cat,pakistan,11
authority,pakistan,11
video,pakistan,11
care,pakistan,11
post,pakistan,11
local,pakistan,11
city,pakistan,11
provide,pakistan,11
tell,pakistan,11
cat,provide,11
law,provide,11
society,provide,11
live,provide,11
child,provide,11
raise,provide,11
right,provide,11
pakistan,provide,11
shelter,karachi,11
rescue,karachi,11
add,karachi,11
right,karachi,11
world,karachi,11
report,karachi,11
cat,tell,11
welfare,tell,11
live,tell,11
rescue,tell,11
run,tell,11
pakistan,tell,11
law,street,11
call,street,11
welfare,street,11
child,street,11
medium,street,11
start,street,11
karachi,report,11
people,eat,10
care,eat,10
owner,dog,10
acf,dog,10
shelter,cat,10
care,cat,10
don,cat,10
start,cat,10
pet,authority,10
day,authority,10
social,authority,10
government,authority,10
live,authority,10
run,authority,10
acf,animal,10
local,abuse,10
acf,time,10
incident,time,10
local,time,10
city,time,10
report,time,10
video,country,10
day,country,10
care,country,10
child,country,10
add,country,10
report,country,10
authority,pet,10
cruelty,pet,10
share,pet,10
add,pet,10
stray,love,10
run,love,10
country,video,10
law,video,10
care,video,10
video,law,10
day,law,10
society,law,10
welfare,law,10
start,law,10
run,law,10
local,law,10
city,law,10
bring,law,10
authority,day,10
country,day,10
law,day,10
city,day,10
care,call,10
rescue,call,10
don,call,10
child,call,10
authority,social,10
raise,social,10
donkey,social,10
tell,social,10
street,social,10
law,society,10
cruelty,society,10
government,society,10
rescue,society,10
medium,society,10
run,society,10
kill,society,10
pet,cruelty,10
society,cruelty,10
activist,cruelty,10
street,cruelty,10
law,welfare,10
shelter,welfare,10
owner,welfare,10
don,welfare,10
medium,welfare,10
world,welfare,10
human,food,10
medium,food,10
eat,people,10
acf,people,10
incident,people,10
cat,shelter,10
welfare,shelter,10
don,shelter,10
start,shelter,10
city,shelter,10
authority,government,10
society,government,10
care,government,10
rescue,government,10
don,government,10
medium,government,10
add,government,10
food,human,10
start,human,10
incident,human,10
raise,human,10
donkey,human,10
eat,care,10
cat,care,10
country,care,10
video,care,10
call,care,10
government,care,10
don,care,10
stray,care,10
add,care,10
provide,care,10
authority,live,10
activist,live,10
ayesha,live,10
share,live,10
add,live,10
issue,live,10
local,live,10
raise,live,10
bring,live,10
world,live,10
report,live,10
dog,owner,10
welfare,owner,10
medium,owner,10
treat,owner,10
pakistan,owner,10
cruelty,activist,10
live,activist,10
post,activist,10
start,activist,10
live,ayesha,10
acf,ayesha,10
share,ayesha,10
dog,acf,10
animal,acf,10
time,acf,10
people,acf,10
ayesha,acf,10
call,rescue,10
society,rescue,10
government,rescue,10
run,rescue,10
city,rescue,10
provide,rescue,10
street,rescue,10
cat,don,10
call,don,10
welfare,don,10
shelter,don,10
government,don,10
care,don,10
start,don,10
raise,don,10
right,don,10
street,don,10
love,stray,10
care,stray,10
start,stray,10
right,stray,10
country,child,10
call,child,10
kill,child,10
pet,share,10
live,share,10
ayesha,share,10
pakistan,share,10
activist,post,10
society,medium,10
welfare,medium,10
food,medium,10
government,medium,10
owner,medium,10
add,medium,10
local,medium,10
city,medium,10
tell,medium,10
country,add,10
pet,add,10
government,add,10
care,add,10
live,add,10
medium,add,10
run,add,10
cat,start,10
law,start,10
shelter,start,10
human,start,10
activist,start,10
don,start,10
stray,start,10
treat,start,10
right,start,10
kill,start,10
live,issue,10
treat,issue,10
authority,run,10
love,run,10
law,run,10
society,run,10
rescue,run,10
add,run,10
raise,run,10
bring,run,10
world,run,10
owner,treat,10
start,treat,10
issue,treat,10
kill,treat,10
time,incident,10
people,incident,10
human,incident,10
kill,incident,10
pakistan,incident,10
abuse,local,10
time,local,10
law,local,10
live,local,10
medium,local,10
street,local,10
social,raise,10
human,raise,10
live,raise,10
don,raise,10
run,raise,10
don,right,10
stray,right,10
start,right,10
bring,right,10
time,city,10
law,city,10
day,city,10
shelter,city,10
rescue,city,10
medium,city,10
society,kill,10
child,kill,10
start,kill,10
treat,kill,10
incident,kill,10
donkey,kill,10
law,bring,10
live,bring,10
run,bring,10
right,bring,10
world,bring,10
street,bring,10
welfare,world,10
live,world,10
run,world,10
bring,world,10
street,world,10
owner,pakistan,10
share,pakistan,10
incident,pakistan,10
social,donkey,10
human,donkey,10
kill,donkey,10
karachi,donkey,10
care,provide,10
rescue,provide,10
tell,provide,10
donkey,karachi,10
tell,karachi,10
zoo,karachi,10
social,tell,10
medium,tell,10
provide,tell,10
karachi,tell,10
social,street,10
cruelty,street,10
rescue,street,10
don,street,10
local,street,10
bring,street,10
world,street,10
karachi,zoo,10
time,report,10
country,report,10
live,report,10
time,eat,9
add,dog,9
authority,cat,9
love,cat,9
law,cat,9
social,cat,9
society,cat,9
human,cat,9
child,cat,9
street,cat,9
report,cat,9
cat,authority,9
law,authority,9
call,authority,9
food,authority,9
human,authority,9
stray,authority,9
kill,authority,9
police,animal,9
love,abuse,9
ayesha,abuse,9
eat,time,9
shelter,country,9
rescue,country,9
stray,country,9
start,country,9
run,country,9
treat,country,9
world,country,9
provide,country,9
post,pet,9
issue,pet,9
cat,love,9
abuse,love,9
day,love,9
social,love,9
society,love,9
shelter,love,9
don,love,9
treat,love,9
live,video,9
don,video,9
run,video,9
karachi,video,9
cat,law,9
authority,law,9
don,law,9
report,law,9
love,day,9
ayesha,day,9
incident,day,9
zoo,day,9
authority,call,9
cruelty,call,9
food,call,9
owner,call,9
ayesha,call,9
share,call,9
add,call,9
local,call,9
city,call,9
report,call,9
cat,social,9
love,social,9
acf,social,9
add,social,9
cat,society,9
love,society,9
don,society,9
child,society,9
world,society,9
donkey,society,9
street,society,9
call,cruelty,9
shelter,cruelty,9
rescue,cruelty,9
stray,cruelty,9
incident,cruelty,9
world,cruelty,9
donkey,cruelty,9
karachi,cruelty,9
report,cruelty,9
donkey,welfare,9
provide,welfare,9
authority,food,9
call,food,9
care,food,9
stray,food,9
child,food,9
start,food,9
wildlife,people,9
country,shelter,9
love,shelter,9
cruelty,shelter,9
government,shelter,9
care,shelter,9
ayesha,shelter,9
child,shelter,9
post,shelter,9
raise,shelter,9
tell,shelter,9
street,shelter,9
shelter,government,9
start,government,9
city,government,9
tell,government,9
cat,human,9
authority,human,9
food,care,9
shelter,care,9
rescue,care,9
child,care,9
world,care,9
tell,care,9
video,live,9
acf,live,9
post,live,9
city,live,9
donkey,live,9
call,owner,9
rescue,owner,9
stray,owner,9
add,owner,9
tell,owner,9
share,activist,9
add,activist,9
city,activist,9
provide,activist,9
karachi,activist,9
street,activist,9
abuse,ayesha,9
day,ayesha,9
call,ayesha,9
shelter,ayesha,9
rescue,ayesha,9
don,ayesha,9
post,ayesha,9
pakistan,ayesha,9
karachi,ayesha,9
social,acf,9
live,acf,9
medium,acf,9
country,rescue,9
cruelty,rescue,9
care,rescue,9
owner,rescue,9
ayesha,rescue,9
treat,rescue,9
incident,rescue,9
raise,rescue,9
donkey,rescue,9
love,don,9
video,don,9
law,don,9
society,don,9
ayesha,don,9
treat,don,9
city,don,9
bring,don,9
authority,stray,9
country,stray,9
cruelty,stray,9
food,stray,9
owner,stray,9
share,stray,9
treat,stray,9
local,stray,9
city,stray,9
bring,stray,9
cat,child,9
society,child,9
food,child,9
shelter,child,9
care,child,9
add,child,9
issue,child,9
treat,child,9
bring,child,9
call,share,9
activist,share,9
stray,share,9
start,share,9
treat,share,9
right,share,9
kill,share,9
provide,share,9
karachi,share,9
pet,post,9
shelter,post,9
live,post,9
ayesha,post,9
treat,post,9
karachi,post,9
acf,medium,9
dog,add,9
call,add,9
social,add,9
owner,add,9
activist,add,9
child,add,9
tell,add,9
country,start,9
food,start,9
government,start,9
share,start,9
issue,start,9
local,start,9
raise,start,9
pet,issue,9
child,issue,9
start,issue,9
donkey,issue,9
country,run,9
video,run,9
country,treat,9
love,treat,9
rescue,treat,9
don,treat,9
stray,treat,9
child,treat,9
share,treat,9
post,treat,9
city,treat,9
provide,treat,9
street,treat,9
day,incident,9
cruelty,incident,9
rescue,incident,9
call,local,9
stray,local,9
start,local,9
kill,local,9
karachi,local,9
shelter,raise,9
rescue,raise,9
start,raise,9
city,raise,9
animal,police,9
share,right,9
tell,right,9
street,right,9
call,city,9
government,city,9
live,city,9
activist,city,9
don,city,9
stray,city,9
treat,city,9
raise,city,9
provide,city,9
authority,kill,9
share,kill,9
local,kill,9
provide,kill,9
tell,kill,9
don,bring,9
stray,bring,9
child,bring,9
country,world,9
society,world,9
cruelty,world,9
care,world,9
ayesha,pakistan,9
society,donkey,9
cruelty,donkey,9
welfare,donkey,9
live,donkey,9
rescue,donkey,9
issue,donkey,9
country,provide,9
welfare,provide,9
activist,provide,9
share,provide,9
treat,provide,9
city,provide,9
kill,provide,9
street,provide,9
video,karachi,9
cruelty,karachi,9
activist,karachi,9
ayesha,karachi,9
share,karachi,9
post,karachi,9
local,karachi,9
shelter,tell,9
government,tell,9
care,tell,9
owner,tell,9
add,tell,9
right,tell,9
kill,tell,9
street,tell,9
cat,street,9
society,street,9
shelter,street,9
activist,street,9
treat,street,9
right,street,9
provide,street,9
tell,street,9
report,street,9
day,zoo,9
people,wildlife,9
cat,report,9
law,report,9
call,report,9
cruelty,report,9
street,report,9
pet,eat,8
country,cat,8
call,cat,8
medium,cat,8
add,cat,8
city,cat,8
bring,cat,8
country,authority,8
society,authority,8
shelter,authority,8
don,authority,8
treat,authority,8
raise,authority,8
right,authority,8
city,authority,8
bring,authority,8
world,authority,8
provide,authority,8
street,authority,8
zoo,abuse,8
wildlife,abuse,8
cat,country,8
authority,country,8
food,country,8
don,country,8
raise,country,8
city,country,8
donkey,country,8
street,country,8
wildlife,country,8
eat,pet,8
video,pet,8
local,pet,8
donkey,pet,8
wildlife,pet,8
call,love,8
care,love,8
live,love,8
provide,love,8
street,love,8
pet,video,8
call,video,8
food,video,8
government,video,8
human,video,8
share,video,8
treat,video,8
incident,video,8
right,video,8
kill,video,8
food,law,8
care,law,8
owner,law,8
share,law,8
add,law,8
world,day,8
cat,call,8
love,call,8
video,call,8
acf,call,8
post,call,8
issue,call,8
treat,call,8
incident,call,8
tell,call,8
owner,social,8
local,social,8
city,social,8
authority,society,8
food,society,8
post,society,8
start,society,8
issue,society,8
care,cruelty,8
post,cruelty,8
issue,cruelty,8
run,cruelty,8
treat,cruelty,8
raise,cruelty,8
share,welfare,8
post,welfare,8
raise,welfare,8
bring,welfare,8
country,food,8
video,food,8
law,food,8
society,food,8
rescue,food,8
share,food,8
issue,food,8
right,food,8
kill,food,8
provide,food,8
street,food,8
zoo,people,8
woman,people,8
authority,shelter,8
owner,shelter,8
share,shelter,8
treat,shelter,8
incident,shelter,8
provide,shelter,8
video,government,8
issue,government,8
local,government,8
video,human,8
owner,human,8
share,human,8
issue,human,8
local,human,8
love,care,8
law,care,8
cruelty,care,8
activist,care,8
share,care,8
issue,care,8
incident,care,8
raise,care,8
kill,care,8
bring,care,8
love,live,8
owner,live,8
incident,live,8
law,owner,8
social,owner,8
shelter,owner,8
human,owner,8
live,owner,8
karachi,owner,8
care,activist,8
ayesha,activist,8
treat,activist,8
local,activist,8
bring,activist,8
tell,activist,8
activist,ayesha,8
stray,ayesha,8
child,ayesha,8
start,ayesha,8
run,ayesha,8
kill,ayesha,8
call,acf,8
don,acf,8
share,acf,8
karachi,acf,8
food,rescue,8
add,rescue,8
issue,rescue,8
right,rescue,8
world,rescue,8
authority,don,8
country,don,8
acf,don,8
issue,don,8
kill,don,8
ayesha,stray,8
post,stray,8
ayesha,child,8
raise,child,8
donkey,child,8
video,share,8
law,share,8
welfare,share,8
food,share,8
shelter,share,8
human,share,8
care,share,8
acf,share,8
add,share,8
run,share,8
world,share,8
call,post,8
society,post,8
cruelty,post,8
welfare,post,8
stray,post,8
add,post,8
start,post,8
right,post,8
world,post,8
cat,medium,8
donkey,medium,8
report,medium,8
cat,add,8
law,add,8
rescue,add,8
share,add,8
post,add,8
issue,add,8
kill,add,8
report,add,8
society,start,8
ayesha,start,8
post,start,8
city,start,8
bring,start,8
world,start,8
donkey,start,8
report,start,8
call,issue,8
society,issue,8
cruelty,issue,8
food,issue,8
government,issue,8
human,issue,8
care,issue,8
rescue,issue,8
don,issue,8
add,issue,8
incident,issue,8
raise,issue,8
right,issue,8
street,issue,8
cruelty,run,8
ayesha,run,8
share,run,8
local,run,8
kill,run,8
donkey,run,8
report,run,8
authority,treat,8
video,treat,8
call,treat,8
cruelty,treat,8
shelter,treat,8
activist,treat,8
donkey,treat,8
zoo,treat,8
video,incident,8
call,incident,8
shelter,incident,8
care,incident,8
live,incident,8
issue,incident,8
karachi,incident,8
tell,incident,8
pet,local,8
social,local,8
government,local,8
human,local,8
activist,local,8
run,local,8
raise,local,8
authority,raise,8
country,raise,8
cruelty,raise,8
welfare,raise,8
care,raise,8
child,raise,8
issue,raise,8
local,raise,8
kill,police,8
authority,right,8
video,right,8
food,right,8
rescue,right,8
post,right,8
issue,right,8
city,right,8
donkey,right,8
wildlife,right,8
cat,city,8
authority,city,8
country,city,8
social,city,8
start,city,8
right,city,8
kill,city,8
street,city,8
report,city,8
video,kill,8
food,kill,8
care,kill,8
ayesha,kill,8
don,kill,8
add,kill,8
run,kill,8
police,kill,8
city,kill,8
cat,bring,8
authority,bring,8
welfare,bring,8
care,bring,8
activist,bring,8
start,bring,8
wildlife,bring,8
report,bring,8
authority,world,8
day,world,8
rescue,world,8
share,world,8
post,world,8
start,world,8
wildlife,pakistan,8
country,donkey,8
pet,donkey,8
child,donkey,8
medium,donkey,8
start,donkey,8
run,donkey,8
treat,donkey,8
right,donkey,8
street,donkey,8
authority,provide,8
love,provide,8
food,provide,8
shelter,provide,8
owner,karachi,8
acf,karachi,8
incident,karachi,8
call,tell,8
activist,tell,8
incident,tell,8
report,tell,8
authority,street,8
country,street,8
love,street,8
food,street,8
issue,street,8
city,street,8
donkey,street,8
abuse,zoo,8
people,zoo,8
treat,zoo,8
wildlife,zoo,8
abuse,wildlife,8
country,wildlife,8
pet,wildlife,8
right,wildlife,8
bring,wildlife,8
pakistan,wildlife,8
zoo,wildlife,8
medium,report,8
add,report,8
start,report,8
run,report,8
city,report,8
bring,report,8
tell,report,8
people,woman,8
dog,eat,7
abuse,eat,7
social,eat,7
food,eat,7
medium,eat,7
start,eat,7
run,eat,7
treat,eat,7
eat,dog,7
activist,cat,7
issue,cat,7
raise,cat,7
right,cat,7
kill,cat,7
world,cat,7
zoo,cat,7
video,authority,7
cruelty,authority,7
care,authority,7
local,authority,7
report,authority,7
eat,abuse,7
acf,abuse,7
local,country,7
ayesha,pet,7
food,love,7
rescue,love,7
child,love,7
raise,love,7
world,love,7
pakistan,love,7
karachi,love,7
tell,love,7
report,love,7
authority,video,7
society,video,7
welfare,video,7
shelter,video,7
activist,video,7
rescue,video,7
child,video,7
post,video,7
start,video,7
world,video,7
donkey,video,7
provide,video,7
issue,law,7
incident,law,7
donkey,law,7
acf,day,7
local,day,7
donkey,call,7
eat,social,7
video,society,7
ayesha,society,7
share,society,7
add,society,7
incident,society,7
city,society,7
bring,society,7
authority,cruelty,7
child,cruelty,7
share,cruelty,7
start,cruelty,7
local,cruelty,7
city,cruelty,7
video,welfare,7
food,welfare,7
issue,welfare,7
wildlife,welfare,7
eat,food,7
love,food,7
welfare,food,7
ayesha,food,7
post,food,7
city,food,7
bring,food,7
world,food,7
tell,food,7
report,food,7
video,shelter,7
acf,shelter,7
issue,shelter,7
local,shelter,7
world,shelter,7
owner,government,7
donkey,government,7
report,government,7
ayesha,human,7
post,human,7
add,human,7
city,human,7
authority,care,7
post,care,7
zoo,care,7
government,owner,7
activist,owner,7
don,owner,7
incident,owner,7
kill,owner,7
provide,owner,7
street,owner,7
cat,activist,7
video,activist,7
owner,activist,7
acf,activist,7
issue,activist,7
incident,activist,7
raise,activist,7
world,activist,7
pet,ayesha,7
society,ayesha,7
food,ayesha,7
human,ayesha,7
treat,ayesha,7
city,ayesha,7
donkey,ayesha,7
provide,ayesha,7
street,ayesha,7
abuse,acf,7
day,acf,7
shelter,acf,7
activist,acf,7
rescue,acf,7
stray,acf,7
child,acf,7
post,acf,7
start,acf,7
run,acf,7
city,acf,7
pakistan,acf,7
provide,acf,7
love,rescue,7
video,rescue,7
acf,rescue,7
bring,rescue,7
report,rescue,7
owner,don,7
add,don,7
local,don,7
tell,don,7
acf,stray,7
issue,stray,7
incident,stray,7
report,stray,7
love,child,7
video,child,7
cruelty,child,7
acf,child,7
local,child,7
society,share,7
cruelty,share,7
issue,share,7
incident,share,7
raise,share,7
city,share,7
bring,share,7
donkey,share,7
street,share,7
report,share,7
video,post,7
food,post,7
human,post,7
care,post,7
acf,post,7
issue,post,7
run,post,7
incident,post,7
eat,medium,7
zoo,medium,7
society,add,7
human,add,7
don,add,7
bring,add,7
street,add,7
zoo,add,7
wildlife,add,7
eat,start,7
video,start,7
cruelty,start,7
acf,start,7
provide,start,7
tell,start,7
cat,issue,7
law,issue,7
welfare,issue,7
shelter,issue,7
activist,issue,7
stray,issue,7
share,issue,7
post,issue,7
bring,issue,7
world,issue,7
tell,issue,7
eat,run,7
acf,run,7
post,run,7
eat,treat,7
ayesha,treat,7
incident,treat,7
bring,treat,7
law,incident,7
society,incident,7
owner,incident,7
activist,incident,7
stray,incident,7
share,incident,7
post,incident,7
treat,incident,7
right,incident,7
bring,incident,7
donkey,incident,7
provide,incident,7
authority,local,7
country,local,7
day,local,7
cruelty,local,7
shelter,local,7
don,local,7
child,local,7
right,local,7
city,local,7
cat,raise,7
love,raise,7
activist,raise,7
share,raise,7
right,raise,7
report,raise,7
pakistan,police,7
cat,right,7
incident,right,7
local,right,7
raise,right,7
zoo,right,7
report,right,7
society,city,7
cruelty,city,7
food,city,7
human,city,7
ayesha,city,7
acf,city,7
share,city,7
local,city,7
cat,kill,7
owner,kill,7
society,bring,7
food,bring,7
rescue,bring,7
share,bring,7
add,bring,7
issue,bring,7
treat,bring,7
incident,bring,7
tell,bring,7
zoo,bring,7
cat,world,7
love,world,7
video,world,7
food,world,7
shelter,world,7
activist,world,7
issue,world,7
love,pakistan,7
acf,pakistan,7
police,pakistan,7
zoo,pakistan,7
video,donkey,7
law,donkey,7
call,donkey,7
government,donkey,7
ayesha,donkey,7
share,donkey,7
incident,donkey,7
provide,donkey,7
tell,donkey,7
report,donkey,7
video,provide,7
owner,provide,7
ayesha,provide,7
acf,provide,7
start,provide,7
incident,provide,7
donkey,provide,7
zoo,provide,7
love,karachi,7
wildlife,karachi,7
love,tell,7
food,tell,7
don,tell,7
start,tell,7
issue,tell,7
bring,tell,7
donkey,tell,7
owner,street,7
ayesha,street,7
share,street,7
add,street,7
cat,zoo,7
care,zoo,7
medium,zoo,7
add,zoo,7
right,zoo,7
bring,zoo,7
pakistan,zoo,7
provide,zoo,7
welfare,wildlife,7
add,wildlife,7
karachi,wildlife,7
authority,report,7
love,report,7
food,report,7
government,report,7
rescue,report,7
stray,report,7
share,report,7
raise,report,7
right,report,7
donkey,report,7
cat,eat,6
love,eat,6
day,eat,6
welfare,eat,6
live,eat,6
rescue,eat,6
don,eat,6
share,eat,6
issue,eat,6
police,dog,6
woman,dog,6
eat,cat,6
share,cat,6
donkey,cat,6
wildlife,cat,6
love,authority,6
welfare,authority,6
activist,authority,6
ayesha,authority,6
rescue,authority,6
child,authority,6
share,authority,6
wildlife,authority,6
woman,animal,6
police,abuse,6
woman,abuse,6
zoo,time,6
wildlife,time,6
love,country,6
owner,country,6
share,country,6
issue,country,6
incident,country,6
zoo,country,6
acf,pet,6
zoo,pet,6
eat,love,6
authority,love,6
country,love,6
government,love,6
owner,love,6
medium,love,6
kill,love,6
bring,love,6
owner,video,6
ayesha,video,6
add,video,6
raise,video,6
street,video,6
report,video,6
ayesha,law,6
post,law,6
treat,law,6
police,law,6
eat,day,6
police,day,6
zoo,social,6
report,social,6
woman,social,6
owner,society,6
acf,society,6
report,society,6
food,cruelty,6
add,cruelty,6
police,cruelty,6
bring,cruelty,6
provide,cruelty,6
tell,cruelty,6
eat,welfare,6
authority,welfare,6
city,welfare,6
zoo,welfare,6
cruelty,food,6
owner,food,6
activist,food,6
acf,food,6
add,food,6
local,food,6
raise,food,6
add,shelter,6
right,shelter,6
bring,shelter,6
donkey,shelter,6
report,shelter,6
love,government,6
share,government,6
post,government,6
incident,government,6
wildlife,government,6
acf,human,6
wildlife,human,6
woman,human,6
report,care,6
eat,live,6
zoo,live,6
wildlife,live,6
country,owner,6
love,owner,6
video,owner,6
society,owner,6
food,owner,6
child,owner,6
issue,owner,6
raise,owner,6
police,owner,6
right,owner,6
city,owner,6
bring,owner,6
report,owner,6
authority,activist,6
food,activist,6
donkey,activist,6
report,activist,6
authority,ayesha,6
video,ayesha,6
law,ayesha,6
issue,ayesha,6
local,ayesha,6
pet,acf,6
society,acf,6
food,acf,6
human,acf,6
treat,acf,6
kill,acf,6
street,acf,6
eat,rescue,6
authority,rescue,6
local,rescue,6
eat,don,6
donkey,don,6
add,stray,6
donkey,stray,6
authority,child,6
owner,child,6
city,child,6
tell,child,6
report,child,6
eat,share,6
cat,share,6
authority,share,6
country,share,6
government,share,6
local,share,6
tell,share,6
law,post,6
government,post,6
local,post,6
city,post,6
bring,post,6
donkey,post,6
provide,post,6
tell,post,6
street,post,6
love,medium,6
police,medium,6
video,add,6
cruelty,add,6
food,add,6
shelter,add,6
stray,add,6
raise,add,6
city,add,6
eat,issue,6
country,issue,6
owner,issue,6
ayesha,issue,6
city,issue,6
kill,issue,6
provide,issue,6
incident,run,6
wildlife,run,6
law,treat,6
acf,treat,6
world,treat,6
country,incident,6
government,incident,6
run,incident,6
food,local,6
ayesha,local,6
rescue,local,6
share,local,6
post,local,6
bring,local,6
world,local,6
video,raise,6
food,raise,6
owner,raise,6
add,raise,6
police,raise,6
tell,raise,6
dog,police,6
abuse,police,6
law,police,6
day,police,6
cruelty,police,6
owner,police,6
medium,police,6
raise,police,6
shelter,right,6
owner,right,6
woman,right,6
welfare,city,6
owner,city,6
child,city,6
post,city,6
add,city,6
issue,city,6
bring,city,6
world,city,6
tell,city,6
love,kill,6
acf,kill,6
issue,kill,6
love,bring,6
cruelty,bring,6
shelter,bring,6
owner,bring,6
post,bring,6
local,bring,6
city,bring,6
donkey,bring,6
treat,world,6
local,world,6
city,world,6
tell,world,6
report,world,6
cat,donkey,6
shelter,donkey,6
activist,donkey,6
don,donkey,6
stray,donkey,6
post,donkey,6
bring,donkey,6
cruelty,provide,6
post,provide,6
issue,provide,6
cruelty,tell,6
child,tell,6
share,tell,6
post,tell,6
raise,tell,6
city,tell,6
world,tell,6
video,street,6
acf,street,6
post,street,6
time,zoo,6
country,zoo,6
pet,zoo,6
social,zoo,6
welfare,zoo,6
live,zoo,6
report,zoo,6
cat,wildlife,6
authority,wildlife,6
time,wildlife,6
government,wildlife,6
human,wildlife,6
live,wildlife,6
run,wildlife,6
report,wildlife,6
video,report,6
social,report,6
society,report,6
shelter,report,6
care,report,6
owner,report,6
activist,report,6
child,report,6
world,report,6
zoo,report,6
wildlife,report,6
dog,woman,6
animal,woman,6
abuse,woman,6
social,woman,6
human,woman,6
right,woman,6
video,eat,5
cruelty,eat,5
government,eat,5
human,eat,5
owner,eat,5
right,eat,5
world,eat,5
cruelty,cat,5
ayesha,cat,5
acf,authority,5
post,authority,5
add,authority,5
start,authority,5
issue,authority,5
tell,authority,5
zoo,authority,5
police,time,5
woman,time,5
ayesha,country,5
post,country,5
police,country,5
tell,country,5
incident,pet,5
woman,pet,5
law,love,5
cruelty,love,5
share,love,5
add,love,5
start,love,5
right,love,5
city,love,5
eat,video,5
stray,video,5
issue,video,5
local,video,5
police,video,5
city,video,5
love,law,5
acf,law,5
tell,law,5
wildlife,law,5
wildlife,day,5
police,call,5
wildlife,call,5
woman,call,5
wildlife,social,5
local,society,5
raise,society,5
woman,society,5
eat,cruelty,5
cat,cruelty,5
love,cruelty,5
owner,cruelty,5
ayesha,cruelty,5
don,cruelty,5
ayesha,welfare,5
incident,welfare,5
incident,food,5
police,people,5
police,shelter,5
eat,government,5
ayesha,government,5
zoo,government,5
eat,human,5
zoo,human,5
city,care,5
donkey,care,5
street,care,5
wildlife,care,5
woman,live,5
eat,owner,5
cruelty,owner,5
share,owner,5
local,owner,5
world,owner,5
donkey,owner,5
cat,ayesha,5
country,ayesha,5
cruelty,ayesha,5
welfare,ayesha,5
government,ayesha,5
incident,ayesha,5
raise,ayesha,5
bring,ayesha,5
world,ayesha,5
authority,acf,5
law,acf,5
local,acf,5
world,acf,5
donkey,acf,5
police,rescue,5
cruelty,don,5
woman,don,5
video,stray,5
incident,child,5
woman,child,5
love,share,5
owner,share,5
woman,share,5
authority,post,5
country,post,5
raise,post,5
wildlife,medium,5
woman,medium,5
authority,add,5
love,add,5
incident,add,5
local,add,5
provide,add,5
authority,start,5
love,start,5
wildlife,start,5
woman,start,5
authority,issue,5
video,issue,5
report,issue,5
zoo,run,5
local,treat,5
wildlife,treat,5
pet,incident,5
welfare,incident,5
food,incident,5
ayesha,incident,5
child,incident,5
add,incident,5
raise,incident,5
police,incident,5
video,local,5
society,local,5
owner,local,5
acf,local,5
add,local,5
treat,local,5
tell,local,5
report,local,5
society,raise,5
ayesha,raise,5
post,raise,5
incident,raise,5
time,police,5
country,police,5
video,police,5
call,police,5
people,police,5
shelter,police,5
rescue,police,5
incident,police,5
eat,right,5
love,right,5
love,city,5
video,city,5
care,city,5
donkey,city,5
wildlife,kill,5
woman,kill,5
ayesha,bring,5
eat,world,5
owner,world,5
ayesha,world,5
acf,world,5
donkey,world,5
woman,world,5
care,donkey,5
owner,donkey,5
acf,donkey,5
city,donkey,5
world,donkey,5
add,provide,5
report,provide,5
woman,karachi,5
authority,tell,5
country,tell,5
law,tell,5
local,tell,5
care,street,5
authority,zoo,5
government,zoo,5
human,zoo,5
run,zoo,5
law,wildlife,5
day,wildlife,5
call,wildlife,5
social,wildlife,5
care,wildlife,5
medium,wildlife,5
start,wildlife,5
treat,wildlife,5
kill,wildlife,5
issue,report,5
local,report,5
provide,report,5
time,woman,5
pet,woman,5
call,woman,5
society,woman,5
live,woman,5
don,woman,5
child,woman,5
share,woman,5
medium,woman,5
start,woman,5
kill,woman,5
world,woman,5
karachi,woman,5
country,eat,4
law,eat,4
call,eat,4
shelter,eat,4
stray,eat,4
child,eat,4
add,eat,4
raise,eat,4
city,eat,4
provide,eat,4
karachi,eat,4
report,eat,4
zoo,dog,4
video,cat,4
acf,cat,4
post,cat,4
local,cat,4
incident,authority,4
camel,animal,4
eat,country,4
acf,country,4
woman,country,4
police,pet,4
video,love,4
activist,love,4
ayesha,love,4
acf,love,4
post,love,4
issue,love,4
donkey,love,4
cat,video,4
love,video,4
acf,video,4
bring,video,4
tell,video,4
eat,law,4
zoo,law,4
camel,day,4
woman,day,4
eat,call,4
zoo,call,4
police,social,4
zoo,society,4
acf,welfare,4
local,welfare,4
police,welfare,4
woman,welfare,4
donkey,food,4
eat,shelter,4
acf,government,4
ayesha,care,4
police,care,4
ayesha,owner,4
post,owner,4
camel,owner,4
love,activist,4
wildlife,activist,4
love,ayesha,4
care,ayesha,4
owner,ayesha,4
add,ayesha,4
right,ayesha,4
tell,ayesha,4
woman,ayesha,4
cat,acf,4
country,acf,4
love,acf,4
video,acf,4
welfare,acf,4
government,acf,4
issue,acf,4
raise,acf,4
right,acf,4
bring,acf,4
woman,acf,4
incident,don,4
wildlife,don,4
report,don,4
eat,stray,4
police,stray,4
eat,child,4
zoo,child,4
wildlife,child,4
cat,post,4
love,post,4
owner,post,4
woman,post,4
eat,add,4
ayesha,add,4
police,add,4
world,add,4
donkey,add,4
incident,start,4
police,start,4
love,issue,4
acf,issue,4
local,issue,4
zoo,issue,4
raise,treat,4
woman,treat,4
authority,incident,4
don,incident,4
start,incident,4
local,incident,4
city,incident,4
world,incident,4
street,incident,4
zoo,incident,4
cat,local,4
welfare,local,4
issue,local,4
incident,local,4
police,local,4
provide,local,4
eat,raise,4
acf,raise,4
treat,raise,4
donkey,raise,4
zoo,raise,4
wildlife,raise,4
pet,police,4
social,police,4
welfare,police,4
care,police,4
stray,police,4
add,police,4
start,police,4
local,police,4
city,police,4
bring,police,4
karachi,police,4
tell,police,4
report,police,4
ayesha,right,4
acf,right,4
eat,city,4
incident,city,4
police,city,4
video,bring,4
acf,bring,4
police,bring,4
add,world,4
incident,world,4
zoo,world,4
wildlife,world,4
camel,pakistan,4
woman,pakistan,4
love,donkey,4
food,donkey,4
add,donkey,4
raise,donkey,4
woman,donkey,4
eat,provide,4
local,provide,4
wildlife,provide,4
eat,karachi,4
police,karachi,4
video,tell,4
ayesha,tell,4
police,tell,4
zoo,tell,4
incident,street,4
dog,zoo,4
law,zoo,4
call,zoo,4
society,zoo,4
child,zoo,4
issue,zoo,4
incident,zoo,4
raise,zoo,4
world,zoo,4
tell,zoo,4
activist,wildlife,4
don,wildlife,4
child,wildlife,4
raise,wildlife,4
world,wildlife,4
provide,wildlife,4
eat,report,4
don,report,4
police,report,4
animal,camel,4
day,camel,4
owner,camel,4
pakistan,camel,4
country,woman,4
day,woman,4
welfare,woman,4
ayesha,woman,4
acf,woman,4
post,woman,4
treat,woman,4
pakistan,woman,4
donkey,woman,4
authority,eat,3
society,eat,3
ayesha,eat,3
acf,eat,3
post,eat,3
pakistan,eat,3
donkey,eat,3
tell,eat,3
street,eat,3
wildlife,dog,3
incident,cat,3
police,cat,3
eat,authority,3
owner,authority,3
donkey,authority,3
camel,abuse,3
camel,time,3
zoo,video,3
camel,video,3
woman,video,3
camel,law,3
woman,law,3
camel,call,3
camel,social,3
eat,society,3
police,society,3
wildlife,society,3
acf,cruelty,3
zoo,cruelty,3
wildlife,cruelty,3
camel,cruelty,3
zoo,food,3
wildlife,food,3
police,government,3
camel,government,3
police,human,3
acf,care,3
local,care,3
camel,care,3
woman,care,3
police,live,3
camel,live,3
authority,owner,3
acf,owner,3
zoo,owner,3
wildlife,owner,3
police,activist,3
woman,activist,3
eat,ayesha,3
report,ayesha,3
eat,acf,3
cruelty,acf,3
care,acf,3
owner,acf,3
add,acf,3
incident,acf,3
wildlife,rescue,3
camel,rescue,3
police,share,3
zoo,share,3
wildlife,share,3
eat,post,3
police,post,3
wildlife,post,3
report,post,3
camel,medium,3
acf,add,3
camel,add,3
woman,add,3
zoo,start,3
camel,start,3
wildlife,issue,3
woman,issue,3
woman,run,3
police,treat,3
camel,treat,3
cat,incident,3
acf,incident,3
report,incident,3
camel,incident,3
care,local,3
donkey,local,3
woman,local,3
woman,raise,3
cat,police,3
society,police,3
government,police,3
human,police,3
live,police,3
activist,police,3
share,police,3
post,police,3
treat,police,3
right,police,3
world,police,3
provide,police,3
street,police,3
camel,police,3
police,right,3
zoo,city,3
wildlife,city,3
woman,city,3
zoo,kill,3
camel,kill,3
woman,bring,3
police,world,3
eat,pakistan,3
eat,donkey,3
authority,donkey,3
local,donkey,3
police,provide,3
woman,provide,3
camel,karachi,3
eat,tell,3
wildlife,tell,3
camel,tell,3
eat,street,3
police,street,3
zoo,street,3
wildlife,street,3
camel,street,3
woman,street,3
video,zoo,3
cruelty,zoo,3
food,zoo,3
owner,zoo,3
share,zoo,3
start,zoo,3
city,zoo,3
kill,zoo,3
street,zoo,3
dog,wildlife,3
society,wildlife,3
cruelty,wildlife,3
food,wildlife,3
owner,wildlife,3
rescue,wildlife,3
share,wildlife,3
post,wildlife,3
issue,wildlife,3
city,wildlife,3
tell,wildlife,3
street,wildlife,3
ayesha,report,3
post,report,3
incident,report,3
woman,report,3
abuse,camel,3
time,camel,3
video,camel,3
law,camel,3
call,camel,3
social,camel,3
cruelty,camel,3
government,camel,3
care,camel,3
live,camel,3
rescue,camel,3
medium,camel,3
add,camel,3
start,camel,3
treat,camel,3
incident,camel,3
police,camel,3
kill,camel,3
karachi,camel,3
tell,camel,3
street,camel,3
video,woman,3
law,woman,3
care,woman,3
activist,woman,3
add,woman,3
issue,woman,3
run,woman,3
local,woman,3
raise,woman,3
city,woman,3
bring,woman,3
provide,woman,3
street,woman,3
report,woman,3
activist,eat,2
kill,eat,2
bring,eat,2
camel,dog,2
camel,cat,2
police,authority,2
woman,authority,2
camel,country,2
camel,pet,2
local,love,2
zoo,love,2
wildlife,love,2
woman,love,2
wildlife,video,2
camel,society,2
woman,cruelty,2
camel,welfare,2
camel,people,2
camel,shelter,2
woman,shelter,2
camel,human,2
eat,activist,2
zoo,activist,2
police,ayesha,2
tell,acf,2
report,acf,2
zoo,rescue,2
woman,rescue,2
zoo,don,2
zoo,stray,2
wildlife,stray,2
camel,stray,2
woman,stray,2
zoo,post,2
camel,post,2
police,run,2
camel,run,2
wildlife,incident,2
love,local,2
wildlife,local,2
camel,local,2
authority,police,2
ayesha,police,2
run,police,2
donkey,police,2
zoo,police,2
eat,kill,2
eat,bring,2
camel,bring,2
police,donkey,2
zoo,donkey,2
camel,donkey,2
acf,tell,2
love,zoo,2
activist,zoo,2
rescue,zoo,2
don,zoo,2
stray,zoo,2
post,zoo,2
police,zoo,2
donkey,zoo,2
love,wildlife,2
video,wildlife,2
stray,wildlife,2
incident,wildlife,2
local,wildlife,2
acf,report,2
dog,camel,2
cat,camel,2
country,camel,2
pet,camel,2
society,camel,2
welfare,camel,2
people,camel,2
shelter,camel,2
human,camel,2
stray,camel,2
post,camel,2
run,camel,2
local,camel,2
bring,camel,2
donkey,camel,2
authority,woman,2
love,woman,2
cruelty,woman,2
shelter,woman,2
rescue,woman,2
stray,woman,2
incident,eat,1
local,eat,1
police,eat,1
zoo,eat,1
wildlife,eat,1
woman,eat,1
vegan,eat,1
vegan,dog,1
camel,authority,1
vegan,animal,1
vegan,abuse,1
vegan,pet,1
incident,love,1
police,love,1
vegan,video,1
vegan,social,1
vegan,cruelty,1
police,food,1
camel,food,1
woman,food,1
vegan,food,1
vegan,people,1
wildlife,shelter,1
woman,government,1
vegan,care,1
vegan,live,1
woman,owner,1
camel,activist,1
wildlife,ayesha,1
camel,ayesha,1
police,acf,1
police,don,1
camel,don,1
vegan,don,1
police,child,1
camel,child,1
camel,share,1
vegan,medium,1
vegan,start,1
police,issue,1
camel,issue,1
vegan,issue,1
vegan,run,1
eat,incident,1
love,incident,1
woman,incident,1
eat,local,1
camel,raise,1
vegan,raise,1
eat,police,1
love,police,1
food,police,1
acf,police,1
don,police,1
child,police,1
issue,police,1
wildlife,police,1
woman,police,1
camel,right,1
camel,world,1
vegan,world,1
vegan,pakistan,1
wildlife,donkey,1
camel,provide,1
vegan,karachi,1
woman,tell,1
vegan,street,1
eat,zoo,1
camel,zoo,1
eat,wildlife,1
shelter,wildlife,1
ayesha,wildlife,1
police,wildlife,1
donkey,wildlife,1
camel,wildlife,1
woman,wildlife,1
camel,report,1
authority,camel,1
food,camel,1
activist,camel,1
ayesha,camel,1
don,camel,1
child,camel,1
share,camel,1
issue,camel,1
raise,camel,1
right,camel,1
world,camel,1
provide,camel,1
zoo,camel,1
wildlife,camel,1
report,camel,1
eat,woman,1
food,woman,1
government,woman,1
owner,woman,1
incident,woman,1
police,woman,1
tell,woman,1
wildlife,woman,1
eat,vegan,1
dog,vegan,1
animal,vegan,1
abuse,vegan,1
pet,vegan,1
video,vegan,1
social,vegan,1
cruelty,vegan,1
food,vegan,1
people,vegan,1
care,vegan,1
live,vegan,1
don,vegan,1
medium,vegan,1
start,vegan,1
issue,vegan,1
run,vegan,1
raise,vegan,1
world,vegan,1
pakistan,vegan,1
karachi,vegan,1
street,vegan,1
